ctry_code,ctry_name,ctry_name_long,region_code,subregion_name,eff_date,end_date,timestamp
ABW,Aruba,Aruba,AM,NULL,2010-01-01 00:00:00.000,9999-12-31 00:00:00.000,0x0000000000003763
ACA,Access. COS. GRP I,Accession countries - Group I,EU,NULL,2000-01-01 00:00:00.000,9999-12-31 00:00:00.000,0x0000000000003764
ACB,Access. COS. GRP II,Accession countries - Group II,EU,NULL,2000-01-01 00:00:00.000,9999-12-31 00:00:00.000,0x0000000000003765
AFG,Afghanistan,Afghanistan,EM,NULL,1976-06-01 00:00:00.000,9999-12-31 00:00:00.000,0x0000000000003766
AGO,Angola,Angola,AF,NULL,2010-01-01 00:00:00.000,9999-12-31 00:00:00.000,0x0000000000003767
AIA,Anguilla,Anguilla,AM,NULL,2010-01-01 00:00:00.000,9999-12-31 00:00:00.000,0x0000000000003768
ALB,Albania,Albania,EU,NULL,1992-06-01 00:00:00.000,9999-12-31 00:00:00.000,0x0000000000003769
AND,Andorra,Andorra,EU,NULL,1977-09-01 00:00:00.000,9999-12-31 00:00:00.000,0x000000000000376A
ANT,Netherlands Antilles,Netherlands Antilles,AM,NULL,2010-01-01 00:00:00.000,9999-12-31 00:00:00.000,0x000000000000376B
ARE,United Arab Emirates,United Arab Emirates,EM,NULL,2010-01-01 00:00:00.000,9999-12-31 00:00:00.000,0x000000000000376C
ARG,Argentina,Argentina,AM,NULL,1976-06-01 00:00:00.000,9999-12-31 00:00:00.000,0x000000000000376D
ARM,Armenia,Armenia,EU,NULL,1992-06-01 00:00:00.000,9999-12-31 00:00:00.000,0x000000000000376E
ASC,Ascension Is.,Ascension Island,AF,NULL,1979-03-01 00:00:00.000,9999-12-31 00:00:00.000,0x000000000000376F
ASM,American Samoa,American Samoa,WP,PIC,2010-01-01 00:00:00.000,9999-12-31 00:00:00.000,0x00000000000038AA
ATG,Antigua Barbuda,Antigua and Barbuda,AM,NULL,2010-01-01 00:00:00.000,9999-12-31 00:00:00.000,0x0000000000003771
AUS,Australia,Australia,WP,OECD,1976-06-01 00:00:00.000,9999-12-31 00:00:00.000,0x00000000000038A7
AUT,Austria,Austria,EU,NULL,1976-06-01 00:00:00.000,9999-12-31 00:00:00.000,0x0000000000003773
AZE,Azerbaijan,Azerbaijan,EU,NULL,1992-10-02 00:00:00.000,9999-12-31 00:00:00.000,0x0000000000003774
BDI,Burundi,Burundi,AF,NULL,2010-01-01 00:00:00.000,9999-12-31 00:00:00.000,0x0000000000003775
BEL,Belgium,Belgium,EU,NULL,1976-06-01 00:00:00.000,9999-12-31 00:00:00.000,0x0000000000003776
BEN,Benin,Benin,AF,NULL,1976-06-01 00:00:00.000,9999-12-31 00:00:00.000,0x0000000000003777
BFA,Burkina Faso,Burkina Faso,AF,NULL,1984-09-01 00:00:00.000,9999-12-31 00:00:00.000,0x0000000000003778
BGD,Bangladesh,Bangladesh,SE,NULL,2010-01-01 00:00:00.000,9999-12-31 00:00:00.000,0x0000000000003779
BGR,Bulgaria,Bulgaria,EU,NULL,2010-01-01 00:00:00.000,9999-12-31 00:00:00.000,0x000000000000377A
BHR,Bahrain,Bahrain,EM,NULL,2010-01-01 00:00:00.000,9999-12-31 00:00:00.000,0x000000000000377B
BHS,Bahamas,Bahamas,AM,NULL,2010-01-01 00:00:00.000,9999-12-31 00:00:00.000,0x000000000000377C
BIH,Bosnia & Herzegovina,Bosnia and Herzegovina,EU,NULL,1992-09-10 00:00:00.000,9999-12-31 00:00:00.000,0x000000000000377D
BLR,Belarus,Belarus,EU,NULL,1992-06-01 00:00:00.000,9999-12-31 00:00:00.000,0x000000000000377E
BLZ,Belize,Belize,AM,NULL,1990-08-23 00:00:00.000,9999-12-31 00:00:00.000,0x000000000000377F
BMU,Bermuda,Bermuda,AM,NULL,2010-01-01 00:00:00.000,9999-12-31 00:00:00.000,0x0000000000003780
BNR,Bonaire,Bonaire,AM,NULL,1989-07-01 00:00:00.000,9999-12-31 00:00:00.000,0x0000000000003781
BOL,Bolivia,Bolivia,AM,NULL,1976-06-01 00:00:00.000,9999-12-31 00:00:00.000,0x0000000000003782
BRA,Brazil,Brazil,AM,NULL,1976-06-01 00:00:00.000,9999-12-31 00:00:00.000,0x0000000000003783
BRB,Barbados,Barbados,AM,NULL,2010-01-01 00:00:00.000,9999-12-31 00:00:00.000,0x0000000000003784
BRN,Brunei,Brunei Darussalam,WP,OTHERS,2010-01-01 00:00:00.000,9999-12-31 00:00:00.000,0x00000000000038C0
BTN,Bhutan,Bhutan,SE,NULL,2010-01-01 00:00:00.000,9999-12-31 00:00:00.000,0x0000000000003786
BUR,Burma,Burma,SE,NULL,1989-07-01 00:00:00.000,9999-12-31 00:00:00.000,0x0000000000003787
BWA,Botswana,Botswana,AF,NULL,2010-01-01 00:00:00.000,9999-12-31 00:00:00.000,0x0000000000003788
BYE,Belarus,Belarus,EU,NULL,1992-06-01 00:00:00.000,9999-12-31 00:00:00.000,0x0000000000003789
CAF,Central African Rep.,Central African Republic,AF,NULL,1976-06-01 00:00:00.000,9999-12-31 00:00:00.000,0x000000000000378A
CAI,Canary Islands,Canary Islands,EU,NULL,2002-10-01 00:00:00.000,9999-12-31 00:00:00.000,0x000000000000378B
CAN,Canada,Canada,AM,NULL,1976-06-01 00:00:00.000,9999-12-31 00:00:00.000,0x000000000000378C
CAR,Caribbean,Caribbean,AM,NULL,1986-01-01 00:00:00.000,9999-12-31 00:00:00.000,0x000000000000378D
CAU,Caucausus countries,Caucausus countries,EU,NULL,2000-01-01 00:00:00.000,9999-12-31 00:00:00.000,0x000000000000378E
CEE,CEE Countires,Central and eastern European countries,EU,NULL,1994-01-01 00:00:00.000,9999-12-31 00:00:00.000,0x000000000000378F
CHE,Switzerland,Switzerland,EU,NULL,2010-01-01 00:00:00.000,9999-12-31 00:00:00.000,0x0000000000003790
CHL,Chile,Chile,AM,NULL,2010-01-01 00:00:00.000,9999-12-31 00:00:00.000,0x0000000000003791
CHN,China,China,WP,OTHERS,1976-06-01 00:00:00.000,9999-12-31 00:00:00.000,0x00000000000038C1
CIV,Cote D'Ivoire,C"te d'Ivoire,AF,NULL,2010-01-01 00:00:00.000,9999-12-31 00:00:00.000,0x0000000000003793
CMR,Cameroon,Cameroon,AF,NULL,2010-01-01 00:00:00.000,9999-12-31 00:00:00.000,0x0000000000003794
CNR,Central Asian Reps.,Central Asian Republics,EU,NULL,2000-01-01 00:00:00.000,9999-12-31 00:00:00.000,0x0000000000003795
COD,Dem. Rep. Of Congo,Democratic Republic of the Congo,AF,NULL,1998-01-01 00:00:00.000,9999-12-31 00:00:00.000,0x0000000000003796
COG,Congo,Congo,AF,NULL,2010-01-01 00:00:00.000,9999-12-31 00:00:00.000,0x0000000000003797
COK,Cook Islands,Cook Islands,WP,PIC,1984-05-09 00:00:00.000,9999-12-31 00:00:00.000,0x00000000000038AB
COL,Colombia,Colombia,AM,NULL,1976-06-01 00:00:00.000,9999-12-31 00:00:00.000,0x0000000000003799
COM,Comoros,Comoros,AF,NULL,1976-06-01 00:00:00.000,9999-12-31 00:00:00.000,0x000000000000379A
CPV,Cape Verde,Cape Verde,AF,NULL,2010-01-01 00:00:00.000,9999-12-31 00:00:00.000,0x000000000000379B
CRI,Costa Rica,Costa Rica,AM,NULL,2010-01-01 00:00:00.000,9999-12-31 00:00:00.000,0x000000000000379C
CUB,Cuba,Cuba,AM,NULL,1976-06-01 00:00:00.000,9999-12-31 00:00:00.000,0x000000000000379D
CUR,CuraØao,CuraØao,AM,NULL,1989-07-01 00:00:00.000,9999-12-31 00:00:00.000,0x000000000000379E
CXG,Christmas Is. Pacific,"Christmas Island, Pacific Ocean",WP,NULL,1979-03-01 00:00:00.000,9999-12-31 00:00:00.000,0x000000000000379F
CXR,Christmas Is. Indian,"Christmas Island, Indian Ocean",SE,NULL,1979-03-01 00:00:00.000,9999-12-31 00:00:00.000,0x00000000000037A0
CYM,Cayman Islands,Cayman Islands,AM,NULL,2010-01-01 00:00:00.000,9999-12-31 00:00:00.000,0x00000000000037A1
CYP,Cyprus,Cyprus,EM,NULL,1976-06-01 00:00:00.000,9999-12-31 00:00:00.000,0x00000000000037A2
CZE,Czech Republic,Czech Republic,EU,NULL,2010-01-01 00:00:00.000,9999-12-31 00:00:00.000,0x00000000000037A3
DDR,German Dem. Republic,German Democratic Republic,EU,NULL,1990-10-03 00:00:00.000,9999-12-31 00:00:00.000,0x00000000000037A4
DEU,Germany,Germany,EU,NULL,1990-10-03 00:00:00.000,9999-12-31 00:00:00.000,0x00000000000037A5
DJI,Djibouti,Djibouti,EM,NULL,1977-09-01 00:00:00.000,9999-12-31 00:00:00.000,0x00000000000037A6
DMA,Dominica,Dominica,AM,NULL,2010-01-01 00:00:00.000,9999-12-31 00:00:00.000,0x00000000000037A7
DNK,Denmark,Denmark,EU,NULL,2010-01-01 00:00:00.000,9999-12-31 00:00:00.000,0x00000000000037A8
DOM,Dominican Republic,Dominican Republic,AM,NULL,2010-01-01 00:00:00.000,9999-12-31 00:00:00.000,0x00000000000037A9
DZA,Algeria,Algeria,AF,NULL,2010-01-01 00:00:00.000,9999-12-31 00:00:00.000,0x00000000000037AA
ECA,Eastern Caribbean,Eastern Caribbean,AM,NULL,1986-01-01 00:00:00.000,9999-12-31 00:00:00.000,0x00000000000037AB
ECU,Ecuador,Ecuador,AM,NULL,1976-06-01 00:00:00.000,9999-12-31 00:00:00.000,0x00000000000037AC
EEC,Euro Economic Commun,European Economic Community,EU,NULL,1990-03-01 00:00:00.000,9999-12-31 00:00:00.000,0x00000000000037AD
EEU,Eastern Europe,Eastern Europe,EU,NULL,2000-01-01 00:00:00.000,9999-12-31 00:00:00.000,0x00000000000037AE
EGY,Egypt,Egypt,EM,NULL,1976-06-01 00:00:00.000,9999-12-31 00:00:00.000,0x00000000000037AF
ERI,Eritrea,Eritrea,AF,NULL,1993-07-24 00:00:00.000,9999-12-31 00:00:00.000,0x00000000000037B0
ESP,Spain,Spain,EU,NULL,2010-01-01 00:00:00.000,9999-12-31 00:00:00.000,0x00000000000037B1
EST,Estonia,Estonia,EU,NULL,1993-03-31 00:00:00.000,9999-12-31 00:00:00.000,0x00000000000037B2
ETH,Ethiopia,Ethiopia,AF,NULL,1976-06-01 00:00:00.000,9999-12-31 00:00:00.000,0x00000000000037B3
FAN,Fanning Island,Fanning Island,WP,NULL,1979-03-01 00:00:00.000,9999-12-31 00:00:00.000,0x00000000000037B4
FIN,Finland,Finland,EU,NULL,1976-06-01 00:00:00.000,9999-12-31 00:00:00.000,0x00000000000037B5
FJI,Fiji,Fiji,WP,PIC,2010-01-01 00:00:00.000,9999-12-31 00:00:00.000,0x00000000000038AC
FLK,Falkland Islands,Falkland Islands,AM,NULL,1979-03-01 00:00:00.000,9999-12-31 00:00:00.000,0x00000000000037B7
FRA,France,France,EU,NULL,1976-06-01 00:00:00.000,9999-12-31 00:00:00.000,0x00000000000037B8
FRD,French Overseas Dep.,French overseas departments,AM,NULL,1993-06-24 00:00:00.000,9999-12-31 00:00:00.000,0x00000000000037B9
FSM,Micronesia,Micronesia (Federated States of),WP,PIC,2010-01-01 00:00:00.000,9999-12-31 00:00:00.000,0x00000000000038AD
GAB,Gabon,Gabon,AF,NULL,1976-06-01 00:00:00.000,9999-12-31 00:00:00.000,0x00000000000037BB
GAZ,Gaza,Gaza,EM,NULL,1984-01-01 00:00:00.000,9999-12-31 00:00:00.000,0x00000000000037BC
GBR,UK,United Kingdom of Great Britain and Northern Ireland,EU,NULL,2010-01-01 00:00:00.000,9999-12-31 00:00:00.000,0x00000000000037BD
GEO,Georgia,Georgia,EU,NULL,1992-06-26 00:00:00.000,9999-12-31 00:00:00.000,0x00000000000037BE
GHA,Ghana,Ghana,AF,NULL,1976-06-01 00:00:00.000,9999-12-31 00:00:00.000,0x00000000000037BF
GIB,Gibraltar,Gibraltar,EU,NULL,1979-03-01 00:00:00.000,9999-12-31 00:00:00.000,0x00000000000037C0
GIL,Gilbert Islands,Gilbert Islands,WP,NULL,1979-07-12 00:00:00.000,9999-12-31 00:00:00.000,0x00000000000037C1
GIN,Guinea,Guinea,AF,NULL,2010-01-01 00:00:00.000,9999-12-31 00:00:00.000,0x00000000000037C2
GLP,Guadeloupe,Guadeloupe,AM,NULL,2010-01-01 00:00:00.000,9999-12-31 00:00:00.000,0x00000000000037C3
GMB,Gambia,Gambia,AF,NULL,2010-01-01 00:00:00.000,9999-12-31 00:00:00.000,0x00000000000037C4
GNB,Guinea-Bissau,Guinea-Bissau,AF,NULL,2010-01-01 00:00:00.000,9999-12-31 00:00:00.000,0x00000000000037C5
GNQ,Equatorial Guinea,Equatorial Guinea,AF,NULL,2010-01-01 00:00:00.000,9999-12-31 00:00:00.000,0x00000000000037C6
GOR,Georgia,Georgia,EU,NULL,1992-06-01 00:00:00.000,9999-12-31 00:00:00.000,0x00000000000037C7
GRC,Greece,Greece,EU,NULL,2010-01-01 00:00:00.000,9999-12-31 00:00:00.000,0x00000000000037C8
GRD,Grenada,Grenada,AM,NULL,2010-01-01 00:00:00.000,9999-12-31 00:00:00.000,0x00000000000037C9
GRL,Greenland,Greenland,EU,NULL,2010-01-01 00:00:00.000,9999-12-31 00:00:00.000,0x00000000000037CA
GTM,Guatemala,Guatemala,AM,NULL,2010-01-01 00:00:00.000,9999-12-31 00:00:00.000,0x00000000000037CB
GUF,French Guiana,French Guiana,AM,NULL,2010-01-01 00:00:00.000,9999-12-31 00:00:00.000,0x00000000000037CC
GUM,Guam,Guam,WP,PIC,1976-06-01 00:00:00.000,9999-12-31 00:00:00.000,0x00000000000038AE
GUY,Guyana,Guyana,AM,NULL,1976-06-01 00:00:00.000,9999-12-31 00:00:00.000,0x00000000000037CE
GWB,West Berlin,West Berlin,EU,NULL,1990-10-02 00:00:00.000,9999-12-31 00:00:00.000,0x00000000000037CF
HND,Honduras,Honduras,AM,NULL,2010-01-01 00:00:00.000,9999-12-31 00:00:00.000,0x00000000000037D0
HOK,Hong Kong,Hong Kong,WP,OTHERS,1976-06-01 00:00:00.000,9999-12-31 00:00:00.000,0x00000000000038C2
HRV,Croatia,Croatia,EU,NULL,2010-01-01 00:00:00.000,9999-12-31 00:00:00.000,0x00000000000037D2
HTI,Haiti,Haiti,AM,NULL,2010-01-01 00:00:00.000,9999-12-31 00:00:00.000,0x00000000000037D3
HUN,Hungary,Hungary,EU,NULL,1992-06-01 00:00:00.000,9999-12-31 00:00:00.000,0x00000000000037D4
IDN,Indonesia,Indonesia,SE,NULL,2010-01-01 00:00:00.000,9999-12-31 00:00:00.000,0x00000000000037D5
IND,India,India,SE,NULL,1976-06-01 00:00:00.000,9999-12-31 00:00:00.000,0x00000000000037D6
IRL,Ireland,Ireland,EU,NULL,2010-01-01 00:00:00.000,9999-12-31 00:00:00.000,0x00000000000037D7
IRN,Iran (Islamic Rep.),Iran (Islamic Republic of),EM,NULL,2010-01-01 00:00:00.000,9999-12-31 00:00:00.000,0x00000000000037D8
IRQ,Iraq,Iraq,EM,NULL,1988-01-01 00:00:00.000,9999-12-31 00:00:00.000,0x00000000000037D9
ISL,Iceland,Iceland,EU,NULL,2010-01-01 00:00:00.000,9999-12-31 00:00:00.000,0x00000000000037DA
ISR,Israel,Israel,EU,NULL,1992-06-01 00:00:00.000,9999-12-31 00:00:00.000,0x00000000000037DB
ITA,Italy,Italy,EU,NULL,1976-06-01 00:00:00.000,9999-12-31 00:00:00.000,0x00000000000037DC
JAM,Jamaica,Jamaica,AM,NULL,1976-06-01 00:00:00.000,9999-12-31 00:00:00.000,0x00000000000037DD
JOR,Jordan,Jordan,EM,NULL,1988-01-01 00:00:00.000,9999-12-31 00:00:00.000,0x00000000000037DE
JPN,Japan,Japan,WP,OECD,1976-06-01 00:00:00.000,9999-12-31 00:00:00.000,0x00000000000038A8
KAZ,Kazakhstan,Kazakhstan,EU,NULL,1992-08-19 00:00:00.000,9999-12-31 00:00:00.000,0x00000000000037E0
KEN,Kenya,Kenya,AF,NULL,1976-06-01 00:00:00.000,9999-12-31 00:00:00.000,0x00000000000037E1
KGZ,Kyrgyzstan,Kyrgyzstan,EU,NULL,1992-05-07 00:00:00.000,9999-12-31 00:00:00.000,0x00000000000037E2
KHM,Cambodia,Cambodia,WP,MEKONG,2010-01-01 00:00:00.000,9999-12-31 00:00:00.000,0x00000000000038A4
KIR,Kiribati,Kiribati,WP,PIC,1984-07-26 00:00:00.000,9999-12-31 00:00:00.000,0x00000000000038AF
KNA,Saint Kitts & Nevis,Saint Kitts and Nevis,AM,NULL,2010-01-01 00:00:00.000,9999-12-31 00:00:00.000,0x00000000000037E5
KOR,Republic of Korea,Republic of Korea,WP,OTHERS,1976-06-01 00:00:00.000,9999-12-31 00:00:00.000,0x00000000000038C3
KWT,Kuwait,Kuwait,EM,NULL,2010-01-01 00:00:00.000,9999-12-31 00:00:00.000,0x00000000000037E7
LAO,Lao People's Dem Rep,Lao People's Democratic Republic,WP,MEKONG,1976-06-01 00:00:00.000,9999-12-31 00:00:00.000,0x00000000000038A5
LBN,Lebanon,Lebanon,EM,NULL,2010-01-01 00:00:00.000,9999-12-31 00:00:00.000,0x00000000000037E9
LBR,Liberia,Liberia,AF,NULL,2010-01-01 00:00:00.000,9999-12-31 00:00:00.000,0x00000000000037EA
LBY,Libyan Arab J.,Libyan Arab Jamahiriya,EM,NULL,2010-01-01 00:00:00.000,9999-12-31 00:00:00.000,0x00000000000037EB
LCA,Saint Lucia,Saint Lucia,AM,NULL,2010-01-01 00:00:00.000,9999-12-31 00:00:00.000,0x00000000000037EC
LIE,Liechtenstein,Liechtenstein,EU,NULL,1976-12-14 00:00:00.000,9999-12-31 00:00:00.000,0x00000000000037ED
LKA,Sri Lanka,Sri Lanka,SE,NULL,2010-01-01 00:00:00.000,9999-12-31 00:00:00.000,0x00000000000037EE
LSO,Lesotho,Lesotho,AF,NULL,2010-01-01 00:00:00.000,9999-12-31 00:00:00.000,0x00000000000037EF
LTU,Lithuania,Lithuania,EU,NULL,1992-06-01 00:00:00.000,9999-12-31 00:00:00.000,0x00000000000037F0
LUX,Luxembourg,Luxembourg,EU,NULL,1976-06-01 00:00:00.000,9999-12-31 00:00:00.000,0x00000000000037F1
LVA,Latvia,Latvia,EU,NULL,1992-06-01 00:00:00.000,9999-12-31 00:00:00.000,0x00000000000037F2
MAC,Macao,Macao,WP,OTHERS,1976-06-01 00:00:00.000,9999-12-31 00:00:00.000,0x00000000000038C4
MAR,Morocco,Morocco,EM,NULL,2010-01-01 00:00:00.000,9999-12-31 00:00:00.000,0x00000000000037F4
MCO,Monaco,Monaco,EU,NULL,2010-01-01 00:00:00.000,9999-12-31 00:00:00.000,0x00000000000037F5
MDA,Republic of Moldova,Republic of Moldova,EU,NULL,1992-06-01 00:00:00.000,9999-12-31 00:00:00.000,0x00000000000037F6
MDG,Madagascar,Madagascar,AF,NULL,2010-01-01 00:00:00.000,9999-12-31 00:00:00.000,0x00000000000037F7
MDV,Maldives,Maldives,SE,NULL,2010-01-01 00:00:00.000,9999-12-31 00:00:00.000,0x00000000000037F8
MEX,Mexico,Mexico,AM,NULL,1976-06-01 00:00:00.000,9999-12-31 00:00:00.000,0x00000000000037F9
MHL,Marshall Islands,Marshall Islands,WP,PIC,2010-01-01 00:00:00.000,9999-12-31 00:00:00.000,0x00000000000038B0
MKD,Form. Yug. Rep. Mac.,The Former Yugoslav Republic of Macedonia,EU,NULL,1993-04-22 00:00:00.000,9999-12-31 00:00:00.000,0x00000000000037FB
MLD,Moldova,Republic of Moldova,EU,NULL,1992-06-01 00:00:00.000,9999-12-31 00:00:00.000,0x00000000000037FC
MLI,Mali,Mali,AF,NULL,2010-01-01 00:00:00.000,9999-12-31 00:00:00.000,0x00000000000037FD
MLT,Malta,Malta,EU,NULL,2010-01-01 00:00:00.000,9999-12-31 00:00:00.000,0x00000000000037FE
MMR,Myanmar,Myanmar,SE,NULL,1989-07-01 00:00:00.000,9999-12-31 00:00:00.000,0x00000000000037FF
MNE,Republic of Montenegro,Republic of Montenegro,EU,NULL,2005-08-29 00:00:00.000,9999-12-31 00:00:00.000,0x0000000000003801
MNG,Mongolia,Mongolia,WP,OTHERS,2010-01-01 00:00:00.000,9999-12-31 00:00:00.000,0x00000000000038C5
MNP,C.N. Mariana Is.,Commonwealth of the Northern Mariana Islands,WP,PIC,2010-01-01 00:00:00.000,9999-12-31 00:00:00.000,0x00000000000038B1
MOZ,Mozambique,Mozambique,AF,NULL,1976-06-01 00:00:00.000,9999-12-31 00:00:00.000,0x0000000000003804
MRT,Mauritania,Mauritania,AF,NULL,2010-01-01 00:00:00.000,9999-12-31 00:00:00.000,0x0000000000003805
MSR,Montserrat,Montserrat,AM,NULL,2010-01-01 00:00:00.000,9999-12-31 00:00:00.000,0x0000000000003806
MTQ,Martinique,Martinique,AM,NULL,2010-01-01 00:00:00.000,9999-12-31 00:00:00.000,0x0000000000003807
MUS,Mauritius,Mauritius,AF,NULL,2010-01-01 00:00:00.000,9999-12-31 00:00:00.000,0x0000000000003808
MWI,Malawi,Malawi,AF,NULL,2010-01-01 00:00:00.000,9999-12-31 00:00:00.000,0x0000000000003809
MYS,Malaysia,Malaysia,WP,OTHERS,2010-01-01 00:00:00.000,9999-12-31 00:00:00.000,0x00000000000038C6
MYT,Mayotte,Mayotte,AF,NULL,2010-01-01 00:00:00.000,9999-12-31 00:00:00.000,0x000000000000380B
NAM,Namibia,Namibia,AF,NULL,1990-04-23 00:00:00.000,9999-12-31 00:00:00.000,0x000000000000380C
NCA,Northern Caribbean,Northern Caribbean,AM,NULL,1986-01-01 00:00:00.000,9999-12-31 00:00:00.000,0x000000000000380D
NEC,New Caledonia,New Caledonia,WP,PIC,1976-06-01 00:00:00.000,9999-12-31 00:00:00.000,0x00000000000038B2
NEH,New Hebrides,New Hebrides,WP,NULL,1981-01-01 00:00:00.000,9999-12-31 00:00:00.000,0x000000000000380F
NER,Niger,Niger,AF,NULL,2010-01-01 00:00:00.000,9999-12-31 00:00:00.000,0x0000000000003810
NEZ,New Zealand,New Zealand,WP,OECD,1976-06-01 00:00:00.000,9999-12-31 00:00:00.000,0x00000000000038A9
NGA,Nigeria,Nigeria,AF,NULL,2010-01-01 00:00:00.000,9999-12-31 00:00:00.000,0x0000000000003812
NIC,Nicaragua,Nicaragua,AM,NULL,1976-06-01 00:00:00.000,9999-12-31 00:00:00.000,0x0000000000003813
NIS,Newly Independent S.,Newly Independent States,EU,NULL,1994-01-01 00:00:00.000,9999-12-31 00:00:00.000,0x0000000000003814
NIU,Niue,Niue,WP,PIC,1976-06-01 00:00:00.000,9999-12-31 00:00:00.000,0x00000000000038B3
NLD,Netherlands,Netherlands,EU,NULL,2010-01-01 00:00:00.000,9999-12-31 00:00:00.000,0x0000000000003816
NOR,Norway,Norway,EU,NULL,1976-06-01 00:00:00.000,9999-12-31 00:00:00.000,0x0000000000003817
NPL,Nepal,Nepal,SE,NULL,2010-01-01 00:00:00.000,9999-12-31 00:00:00.000,0x0000000000003818
NRU,Nauru,Nauru,WP,PIC,1977-01-01 00:00:00.000,9999-12-31 00:00:00.000,0x00000000000038B4
OMN,Oman,Oman,EM,NULL,2010-01-01 00:00:00.000,9999-12-31 00:00:00.000,0x000000000000381A
PAK,Pakistan,Pakistan,EM,NULL,1976-06-01 00:00:00.000,9999-12-31 00:00:00.000,0x000000000000381B
PAN,Panama,Panama,AM,NULL,1976-06-01 00:00:00.000,9999-12-31 00:00:00.000,0x000000000000381C
PCI,TT Pacific Islands,Trust Territory of the Pacific Islands,WP,NULL,1976-06-01 00:00:00.000,9999-12-31 00:00:00.000,0x000000000000381D
PCN,Pitcairn Island,Pitcairn Island,WP,PIC,1979-03-01 00:00:00.000,9999-12-31 00:00:00.000,0x00000000000038B5
PER,Peru,Peru,AM,NULL,1976-06-01 00:00:00.000,9999-12-31 00:00:00.000,0x000000000000381F
PHL,Philippines,Philippines,WP,OTHERS,1976-06-01 00:00:00.000,9999-12-31 00:00:00.000,0x00000000000038C7
PHX,Phoenix Islands,Phoenix Islands,WP,NULL,1979-03-01 00:00:00.000,9999-12-31 00:00:00.000,0x0000000000003821
PLW,Palau,Palau,WP,PIC,2010-01-01 00:00:00.000,9999-12-31 00:00:00.000,0x00000000000038B6
PNG,Papua New Guinea,Papua New Guinea,WP,PIC,1976-06-01 00:00:00.000,9999-12-31 00:00:00.000,0x00000000000038B7
POL,Poland,Poland,EU,NULL,1992-06-01 00:00:00.000,9999-12-31 00:00:00.000,0x0000000000003824
PRI,Puerto Rico,Puerto Rico,AM,NULL,2010-01-01 00:00:00.000,9999-12-31 00:00:00.000,0x0000000000003825
PRK,Dem.P.Rep. of Korea,Democratic People's Republic of Korea,SE,NULL,2010-01-01 00:00:00.000,9999-12-31 00:00:00.000,0x0000000000003826
PRT,Portugal,Portugal,EU,NULL,2010-01-01 00:00:00.000,9999-12-31 00:00:00.000,0x0000000000003827
PRY,Paraguay,Paraguay,AM,NULL,2010-01-01 00:00:00.000,9999-12-31 00:00:00.000,0x0000000000003828
PSE,Palest. Terr. Occup.,"Palestinian Territory, Occupied",EM,NULL,1999-12-01 00:00:00.000,9999-12-31 00:00:00.000,0x0000000000003829
PYF,French Polynesia,French Polynesia,WP,PIC,2010-01-01 00:00:00.000,9999-12-31 00:00:00.000,0x00000000000038B8
QAT,Qatar,Qatar,EM,NULL,1988-01-01 00:00:00.000,9999-12-31 00:00:00.000,0x000000000000382B
REU,Reunion,Reunion,AF,NULL,1976-06-01 00:00:00.000,9999-12-31 00:00:00.000,0x000000000000382C
RHO,Southern Rhodesia,Southern Rhodesia,AF,NULL,1981-06-01 00:00:00.000,9999-12-31 00:00:00.000,0x000000000000382D
ROU,Romania,Romania,EU,NULL,2010-01-01 00:00:00.000,9999-12-31 00:00:00.000,0x000000000000382E
RUS,Russian Federation,Russian Federation,EU,NULL,1992-06-01 00:00:00.000,9999-12-31 00:00:00.000,0x000000000000382F
RWA,Rwanda,Rwanda,AF,NULL,1976-06-01 00:00:00.000,9999-12-31 00:00:00.000,0x0000000000003830
SAC,Santa Cruz Islands,Santa Cruz Islands,WP,NULL,1979-03-01 00:00:00.000,9999-12-31 00:00:00.000,0x0000000000003831
SAU,Saudi Arabia,Saudi Arabia,EM,NULL,2010-01-01 00:00:00.000,9999-12-31 00:00:00.000,0x0000000000003832
SCG,Serbia and Montenegro,Serbia and Montenegro,EU,NULL,2006-06-03 00:00:00.000,9999-12-31 00:00:00.000,0x0000000000003833
SDN,Sudan,Sudan,EM,NULL,2010-01-01 00:00:00.000,9999-12-31 00:00:00.000,0x0000000000003834
SEE,South-East Europe,South-East Europe,EU,NULL,2000-01-01 00:00:00.000,9999-12-31 00:00:00.000,0x0000000000003835
SEN,Senegal,Senegal,AF,NULL,1976-06-01 00:00:00.000,9999-12-31 00:00:00.000,0x0000000000003836
SEU,South Europe,South Europe,EU,NULL,2000-01-01 00:00:00.000,9999-12-31 00:00:00.000,0x0000000000003837
SGP,Singapore,Singapore,WP,OTHERS,2010-01-01 00:00:00.000,9999-12-31 00:00:00.000,0x00000000000038C8
SGS,South Georgia,South Georgia,AM,NULL,2010-01-01 00:00:00.000,9999-12-31 00:00:00.000,0x0000000000003839
SHN,Saint Helena,Saint Helena,AF,NULL,2010-01-01 00:00:00.000,9999-12-31 00:00:00.000,0x000000000000383A
SLB,Solomon Islands,Solomon Islands,WP,PIC,2010-01-01 00:00:00.000,9999-12-31 00:00:00.000,0x00000000000038B9
SLE,Sierra Leone,Sierra Leone,AF,NULL,2010-01-01 00:00:00.000,9999-12-31 00:00:00.000,0x000000000000383C
SLV,El Salvador,El Salvador,AM,NULL,2010-01-01 00:00:00.000,9999-12-31 00:00:00.000,0x000000000000383D
SMR,San Marino,San Marino,EU,NULL,1978-08-24 00:00:00.000,9999-12-31 00:00:00.000,0x000000000000383E
SOM,Somalia,Somalia,EM,NULL,1988-01-01 00:00:00.000,9999-12-31 00:00:00.000,0x000000000000383F
SPM,St Pierre Miquelon,St Pierre and Miquelon,AM,NULL,1979-03-01 00:00:00.000,9999-12-31 00:00:00.000,0x0000000000003840
SRB,Republic of Serbia,Republic of Serbia,EU,NULL,2006-06-03 00:00:00.000,9999-12-31 00:00:00.000,0x0000000000003841
SSR,USSR,Union of Soviet Socialist Republics,EU,NULL,1992-01-01 00:00:00.000,9999-12-31 00:00:00.000,0x0000000000003842
STP,Sao Tome & Principe,Sao Tome and Principe,AF,NULL,1976-06-01 00:00:00.000,9999-12-31 00:00:00.000,0x0000000000003843
SUR,Suriname,Suriname,AM,NULL,1976-06-01 00:00:00.000,9999-12-31 00:00:00.000,0x0000000000003844
SVK,Slovak Republic,Slovak Republic,EU,NULL,1993-02-04 00:00:00.000,9999-12-31 00:00:00.000,0x0000000000003845
SVN,Slovenia,Slovenia,EU,NULL,1992-05-07 00:00:00.000,9999-12-31 00:00:00.000,0x0000000000003846
SWE,Sweden,Sweden,EU,NULL,1976-06-01 00:00:00.000,9999-12-31 00:00:00.000,0x0000000000003847
SWZ,Swaziland,Swaziland,AF,NULL,1976-06-01 00:00:00.000,9999-12-31 00:00:00.000,0x0000000000003848
SYC,Seychelles,Seychelles,AF,NULL,2010-01-01 00:00:00.000,9999-12-31 00:00:00.000,0x0000000000003849
SYR,Syrian Arab Republic,Syrian Arab Republic,EM,NULL,1988-01-01 00:00:00.000,9999-12-31 00:00:00.000,0x000000000000384A
TCA,Turks and Caicos Is.,Turks and Caicos Islands,AM,NULL,1977-01-01 00:00:00.000,9999-12-31 00:00:00.000,0x000000000000384B
TCD,Chad,Chad,AF,NULL,2010-01-01 00:00:00.000,9999-12-31 00:00:00.000,0x000000000000384C
TGO,Togo,Togo,AF,NULL,2010-01-01 00:00:00.000,9999-12-31 00:00:00.000,0x000000000000384D
THA,Thailand,Thailand,SE,NULL,1976-06-01 00:00:00.000,9999-12-31 00:00:00.000,0x000000000000384E
TJK,Tajikistan,Tajikistan,EU,NULL,1992-06-01 00:00:00.000,9999-12-31 00:00:00.000,0x000000000000384F
TKL,Tokelau,Tokelau,WP,PIC,2010-01-01 00:00:00.000,9999-12-31 00:00:00.000,0x00000000000038BA
TKM,Turkmenistan,Turkmenistan,EU,NULL,1992-07-02 00:00:00.000,9999-12-31 00:00:00.000,0x0000000000003851
TLS,Democratic Republic of Timor-L,Democratic Republic of Timor-Leste,SE,NULL,2002-01-01 00:00:00.000,9999-12-31 00:00:00.000,0x0000000000003852
TME,Turkmenistan,Turkmenistan,EU,NULL,1992-06-01 00:00:00.000,9999-12-31 00:00:00.000,0x0000000000003853
TMP,East Timor,East Timor,SE,NULL,2000-01-01 00:00:00.000,9999-12-31 00:00:00.000,0x0000000000003854
TON,Tonga,Tonga,WP,PIC,1976-06-01 00:00:00.000,9999-12-31 00:00:00.000,0x00000000000038BB
TRC,Tristan da Cunha,Tristan da Cunha,AF,NULL,1979-03-01 00:00:00.000,9999-12-31 00:00:00.000,0x0000000000003856
TTO,Trinidad & Tobago,Trinidad and Tobago,AM,NULL,2010-01-01 00:00:00.000,9999-12-31 00:00:00.000,0x0000000000003857
TUN,Tunisia,Tunisia,EM,NULL,1988-01-01 00:00:00.000,9999-12-31 00:00:00.000,0x0000000000003858
TUR,Turkey,Turkey,EU,NULL,1976-06-01 00:00:00.000,9999-12-31 00:00:00.000,0x0000000000003859
TUV,Tuvalu,Tuvalu,WP,PIC,1993-05-06 00:00:00.000,9999-12-31 00:00:00.000,0x00000000000038BC
TWN,"Taiwan, China","Taiwan, China",WP,NULL,1976-06-01 00:00:00.000,9999-12-31 00:00:00.000,0x000000000000385B
TZA,United Rep. Tanzania,United Republic of Tanzania,AF,NULL,2010-01-01 00:00:00.000,9999-12-31 00:00:00.000,0x000000000000385C
UGA,Uganda,Uganda,AF,NULL,1976-06-01 00:00:00.000,9999-12-31 00:00:00.000,0x000000000000385D
UKR,Ukraine,Ukraine,EU,NULL,1992-06-01 00:00:00.000,9999-12-31 00:00:00.000,0x000000000000385E
UPV,Burkina Faso,Upper Volta,AF,NULL,1984-09-01 00:00:00.000,9999-12-31 00:00:00.000,0x000000000000385F
URY,Uruguay,Uruguay,AM,NULL,2010-01-01 00:00:00.000,9999-12-31 00:00:00.000,0x0000000000003860
USA,USA,United States of America,AM,NULL,1976-06-01 00:00:00.000,9999-12-31 00:00:00.000,0x0000000000003861
UZB,Uzbekistan,Uzbekistan,EU,NULL,1992-05-22 00:00:00.000,9999-12-31 00:00:00.000,0x0000000000003862
VAT,Vatican,Vatican,EU,NULL,1978-08-24 00:00:00.000,9999-12-31 00:00:00.000,0x0000000000003863
VCT,Saint Vincent,Saint Vincent and the Grenadines,AM,NULL,2010-01-01 00:00:00.000,9999-12-31 00:00:00.000,0x0000000000003864
VEN,Venezuela,Venezuela,AM,NULL,1976-06-01 00:00:00.000,9999-12-31 00:00:00.000,0x0000000000003865
VGB,British Virgin Is.,British Virgin Islands,AM,NULL,2010-01-01 00:00:00.000,9999-12-31 00:00:00.000,0x0000000000003866
VIR,US Virgin Islands,United States Virgin Islands,AM,NULL,2010-01-01 00:00:00.000,9999-12-31 00:00:00.000,0x0000000000003867
VNM,Viet Nam,Viet Nam,WP,MEKONG,2010-01-01 00:00:00.000,9999-12-31 00:00:00.000,0x00000000000038A6
VUT,Vanuatu,Vanuatu,WP,PIC,2010-01-01 00:00:00.000,9999-12-31 00:00:00.000,0x00000000000038BD
WAF,Wallis and Futuna Is,Wallis and Futuna Islands,WP,PIC,1976-06-01 00:00:00.000,9999-12-31 00:00:00.000,0x00000000000038BE
WBA,West Bank,West Bank of the Jordan,EM,NULL,1985-01-01 00:00:00.000,9999-12-31 00:00:00.000,0x000000000000386B
WEU,Western Europe,Western Europe,EU,NULL,2000-01-01 00:00:00.000,9999-12-31 00:00:00.000,0x000000000000386C
WIN,West Indies,West Indies,AM,NULL,1976-06-01 00:00:00.000,9999-12-31 00:00:00.000,0x000000000000386D
WSM,Samoa,Samoa,WP,PIC,2010-01-01 00:00:00.000,9999-12-31 00:00:00.000,0x00000000000038BF
YEM,Yemen,Yemen,EM,NULL,1990-05-23 00:00:00.000,9999-12-31 00:00:00.000,0x000000000000386F
ZAF,South Africa,South Africa,AF,NULL,2010-01-01 00:00:00.000,9999-12-31 00:00:00.000,0x0000000000003870
